<?xml version = '1.0' encoding = 'UTF-8'?>
<relationalModel class="oracle.dbtools.crest.model.design.relational.RelationalDesign" name="Relational_1" id="18D7BD2B-1603-26D9-85A8-731FD4FC53AE" mainViewID="7D7EB235-8D64-8170-403F-A4B194177329">
<createdBy>Servicios Digitales</createdBy>
<createdTime>2025-09-11 23:26:55 UTC</createdTime>
<ownerDesignName>PruebaparcialN1_016V_JuanPabloCasassaUrra</ownerDesignName>
<shouldBeOpen>false</shouldBeOpen>
<selectedRDBMSSite>32076570-2523-435C-2E92-BF29817DFF70</selectedRDBMSSite>
</relationalModel>