<?xml version = '1.0' encoding = 'UTF-8'?>
<DataTypesDesign class="oracle.dbtools.crest.model.design.datatypes.DataTypesDesign" name="DataTypes" id="8F8435FD-8485-34F2-0ED3-F2AF8B1E0C3C" mainViewID="E30B638E-6BD3-F4B0-EA5B-C207B2C382C4">
<createdBy>Servicios Digitales</createdBy>
<createdTime>2025-09-11 23:26:50 UTC</createdTime>
<ownerDesignName>PruebaparcialN1_016V_JuanPabloCasassaUrra</ownerDesignName>
<shouldBeOpen>false</shouldBeOpen>
<collectionOfRefsPrefix>array_ref_</collectionOfRefsPrefix>
<collectionPrefix>array_</collectionPrefix>
<defaultArrayLimit>10</defaultArrayLimit>
<defaultCollectionType_Kind>ARRAY</defaultCollectionType_Kind>
<defaultCollectionType_Suffix>_Array</defaultCollectionType_Suffix>
<embeddedStructuredTypePrefix>inst_</embeddedStructuredTypePrefix>
<referencePrefix>ref_</referencePrefix>
<useRoleInAssociationEndAsName>true</useRoleInAssociationEndAsName>
</DataTypesDesign>