<?xml version = '1.0' encoding = 'UTF-8'?>
<Relation class="oracle.dbtools.crest.model.design.logical.Relation" name="Relation_2" directorySegmentName="seg_0" id="3854B849-7A89-589A-2FF6-2CAE156B0145">
<createdBy>Servicios Digitales</createdBy>
<createdTime>2025-09-12 00:38:19 UTC</createdTime>
<ownerDesignName>PruebaparcialN1_016V_JuanPabloCasassaUrra</ownerDesignName>
<engineerTo>
<item key="18D7BD2B-1603-26D9-85A8-731FD4FC53AE" value="true"/>
</engineerTo>
<sourcePk>FCF401E8-B782-FCFA-804F-3EF56DDCBA0E</sourcePk>
<identifying>false</identifying>
<optionalSource>true</optionalSource>
<optionalTarget>false</optionalTarget>
<sourceCardinality>1</sourceCardinality>
<sourceEntity>20861357-2CF8-FAFD-2D4E-97902AF4CB9E</sourceEntity>
<targetCardinalityString>*</targetCardinalityString>
<targetEntity>2EF96275-8BDF-A54C-572F-4EA2DCFDF307</targetEntity>
<transferable>true</transferable>
<deleteRule>NO ACTION</deleteRule>
</Relation>