<?xml version = '1.0' encoding = 'UTF-8'?>
<Relation class="oracle.dbtools.crest.model.design.logical.Relation" name="Relation_14" directorySegmentName="seg_0" id="42C1C79C-1541-FB51-4E22-F75F1C9328D0">
<createdBy>Servicios Digitales</createdBy>
<createdTime>2025-09-12 01:02:18 UTC</createdTime>
<ownerDesignName>PruebaparcialN1_016V_JuanPabloCasassaUrra</ownerDesignName>
<engineerTo>
<item key="18D7BD2B-1603-26D9-85A8-731FD4FC53AE" value="true"/>
</engineerTo>
<sourcePk>856BD4E0-9C88-305C-4CA6-EB9FB5AC624B</sourcePk>
<identifying>false</identifying>
<optionalSource>true</optionalSource>
<optionalTarget>false</optionalTarget>
<sourceCardinality>1</sourceCardinality>
<sourceEntity>2EF96275-8BDF-A54C-572F-4EA2DCFDF307</sourceEntity>
<targetCardinalityString>*</targetCardinalityString>
<targetEntity>DEF74AB6-16A4-DB5C-0DE8-1B41AA5B9BA6</targetEntity>
<transferable>true</transferable>
<deleteRule>NO ACTION</deleteRule>
</Relation>