<?xml version = '1.0' encoding = 'UTF-8'?>
<Relation class="oracle.dbtools.crest.model.design.logical.Relation" name="Relation_5" directorySegmentName="seg_0" id="6A2F710A-97C5-3A83-15EE-D5EA09DC1FD7">
<createdBy>Servicios Digitales</createdBy>
<createdTime>2025-09-12 00:39:09 UTC</createdTime>
<ownerDesignName>PruebaparcialN1_016V_JuanPabloCasassaUrra</ownerDesignName>
<engineerTo>
<item key="18D7BD2B-1603-26D9-85A8-731FD4FC53AE" value="true"/>
</engineerTo>
<sourcePk>FCF401E8-B782-FCFA-804F-3EF56DDCBA0E</sourcePk>
<identifying>false</identifying>
<optionalSource>true</optionalSource>
<optionalTarget>false</optionalTarget>
<sourceCardinality>1</sourceCardinality>
<sourceEntity>20861357-2CF8-FAFD-2D4E-97902AF4CB9E</sourceEntity>
<targetCardinalityString>*</targetCardinalityString>
<targetEntity>339958D3-F1C7-1AD8-435C-D8B9763873C5</targetEntity>
<transferable>true</transferable>
<deleteRule>NO ACTION</deleteRule>
</Relation>