<?xml version = '1.0' encoding = 'UTF-8'?>
<Relation class="oracle.dbtools.crest.model.design.logical.Relation" name="Relation_20" directorySegmentName="seg_0" id="97B1D61E-5C3C-5C2C-9EF8-C64BF9DDB92C">
<createdBy>Servicios Digitales</createdBy>
<createdTime>2025-09-12 01:25:42 UTC</createdTime>
<ownerDesignName>PruebaparcialN1_016V_JuanPabloCasassaUrra</ownerDesignName>
<engineerTo>
<item key="18D7BD2B-1603-26D9-85A8-731FD4FC53AE" value="true"/>
</engineerTo>
<sourcePk>9C0683D9-433F-99F4-AF9D-4488CD23A2DF</sourcePk>
<identifying>false</identifying>
<optionalSource>true</optionalSource>
<optionalTarget>false</optionalTarget>
<sourceCardinality>1</sourceCardinality>
<sourceEntity>A1D6C1CD-3F9E-2A23-7C41-0AF2B9D9D00F</sourceEntity>
<targetCardinalityString>*</targetCardinalityString>
<targetEntity>74AC3DDB-D347-7568-7DDF-ABA47BB8AAD4</targetEntity>
<transferable>true</transferable>
<deleteRule>NO ACTION</deleteRule>
</Relation>